X-Values, Y-Values
-10.000000, 75.000000
-9.000000, 59.000000
-8.000000, 45.000000
-7.000000, 33.000000
-6.000000, 23.000000
-5.000000, 15.000000
-4.000000, 9.000000
-3.000000, 5.000000
-2.000000, 3.000000
-1.000000, 3.000000
0.000000, 5.000000
1.000000, 9.000000
2.000000, 15.000000
3.000000, 23.000000
4.000000, 33.000000
5.000000, 45.000000
6.000000, 59.000000
7.000000, 75.000000
8.000000, 93.000000
9.000000, 113.000000
10.000000, 135.000000
